Category,TotalRevenue,AvgRevenue
Electronics,567126089.011302,5673.1897746364
Accessories,65289121.7874237,654.941183779467
Appliances,303740862.304219,3035.34458872186
Networking,136432838.445006,1361.7274849538
Smart Home,60484757.0137964,604.315772258376
